grid_id,obs_density,species_richness,migration_ratio,latitude,longitude
0_37,21,2,0.1428571428571428,22.27898995572114,68.84106782102988
0_38,2,1,0.5,22.69399679781292,68.84106782102988
0_39,22,1,0.5,23.10775037770492,68.84106782102988
0_40,4,1,0.5,23.520232969502963,68.84106782102988
0_41,1,1,1.0,23.931427165645363,68.84106782102988
10_22,6,2,0.8333333333333334,15.916494986432191,73.33264424162749
10_23,2,2,0.5,16.347964961207236,73.33264424162749
10_24,4,2,0.75,16.778483950622768,73.33264424162749
10_25,5,1,0.8,17.208029798219822,73.33264424162749
10_26,4,2,0.25,17.63658061663447,73.33264424162749
10_27,2,1,0.0,18.06411479211288,73.33264424162749
10_28,15,1,0.1333333333333333,18.490610988853064,73.33264424162749
10_29,34,1,0.1176470588235294,18.916048153171918,73.33264424162749
10_30,30,1,0.2666666666666666,19.340405517496713,73.33264424162749
10_31,1,1,1.0,19.76366260418023,73.33264424162749
10_33,12,1,0.5833333333333334,20.606795505313503,73.33264424162749
10_34,1,1,0.0,21.026631845952377,73.33264424162749
10_35,2,1,1.0,21.445288967716728,73.33264424162749
10_37,12,1,0.3333333333333333,22.27898995572114,73.33264424162749
10_38,3,1,0.0,22.69399679781292,73.33264424162749
10_41,2,1,0.0,23.931427165645363,73.33264424162749
10_42,2,1,0.5,24.341315878777266,73.33264424162749
10_44,1,1,1.0,25.157110117667052,73.33264424162749
10_46,1,1,1.0,25.967485451899854,73.33264424162749
10_47,1,1,0.0,26.370601756536594,73.33264424162749
10_5,1,1,1.0,8.458673638182125,73.33264424162749
10_50,1,1,0.0,27.571484572845726,73.33264424162749
10_51,80,1,0.0375,27.968908550971424,73.33264424162749
11_10,1,1,1.0,10.673088880017286,73.78180188368725
11_14,1,1,1.0,12.433243423364331,73.78180188368725
11_20,9,3,0.6666666666666666,15.050792023820641,73.78180188368725
11_21,150,3,0.4733333333333333,15.484096447164378,73.78180188368725
11_22,73,2,0.2191780821917808,15.916494986432191,73.78180188368725
11_23,2,1,0.0,16.347964961207236,73.78180188368725
11_25,3,1,0.6666666666666666,17.208029798219822,73.78180188368725
11_26,4,1,0.5,17.63658061663447,73.78180188368725
11_27,28,1,0.4642857142857143,18.06411479211288,73.78180188368725
11_28,91,1,0.3516483516483517,18.490610988853064,73.78180188368725
11_29,4,1,0.5,18.916048153171918,73.78180188368725
11_30,18,1,0.0555555555555555,19.340405517496713,73.78180188368725
11_31,17,1,0.5882352941176471,19.76366260418023,73.78180188368725
11_32,10,1,0.3,20.18579922913889,73.78180188368725
11_34,2,1,0.0,21.026631845952377,73.78180188368725
11_36,5,1,0.2,21.862747893608542,73.78180188368725
11_37,2,1,0.5,22.27898995572114,73.78180188368725
11_43,11,1,0.4545454545454545,24.749882343452892,73.78180188368725
11_44,3,1,0.3333333333333333,25.157110117667052,73.78180188368725
11_5,1,1,0.0,8.458673638182125,73.78180188368725
11_51,1,1,1.0,27.968908550971424,73.78180188368725
11_7,1,1,0.0,9.34615791751325,73.78180188368725
12_12,3,1,1.0,11.554547978511469,74.23095952574701
12_13,1,1,1.0,11.994253568227144,74.23095952574701
12_16,3,1,1.0,13.308977896137208,74.23095952574701
12_18,6,3,0.5,14.181557513997255,74.23095952574701
12_19,8,2,0.5,14.616604651341389,74.23095952574701
12_20,19,3,0.5789473684210527,15.050792023820641,74.23095952574701
12_21,32,2,0.53125,15.484096447164378,74.23095952574701
12_22,6,1,0.1666666666666666,15.916494986432191,74.23095952574701
12_23,1,1,0.0,16.347964961207236,74.23095952574701
12_25,6,1,0.1666666666666666,17.208029798219822,74.23095952574701
12_27,7,1,0.2857142857142857,18.06411479211288,74.23095952574701
12_28,24,1,0.5416666666666666,18.490610988853064,74.23095952574701
12_29,1,1,0.0,18.916048153171918,74.23095952574701
12_32,15,1,0.0,20.18579922913889,74.23095952574701
12_38,3,1,0.0,22.69399679781292,74.23095952574701
12_43,8,1,0.0,24.749882343452892,74.23095952574701
12_49,1,1,1.0,27.172615960128685,74.23095952574701
12_5,2,1,0.0,8.458673638182125,74.23095952574701
12_50,2,1,1.0,27.571484572845726,74.23095952574701
12_51,33,1,0.5151515151515151,27.968908550971424,74.23095952574701
12_6,1,1,0.0,8.902684943528312,74.23095952574701
12_64,1,1,0.0,32.99812005252553,74.23095952574701
12_66,1,1,1.0,33.74829778436251,74.23095952574701
12_67,9,1,0.6666666666666666,34.120951435694295,74.23095952574701
12_68,2,1,0.5,34.49197000246,74.23095952574701
12_7,1,1,0.0,9.34615791751325,74.230959525747
12_72,8,1,0.5,35.959531774971616,74.23095952574701
12_73,16,1,0.0,36.32225637712781,74.23095952574701
13_13,1,1,1.0,11.994253568227144,74.68011716780677
13_14,1,1,1.0,12.433243423364331,74.68011716780677
13_15,12,3,0.6666666666666666,12.871492981781698,74.68011716780677
13_16,11,2,0.5454545454545454,13.308977896137208,74.68011716780677
13_17,8,3,0.5,13.745674040031027,74.68011716780677
13_18,5,2,0.6,14.181557513997255,74.68011716780677
13_20,11,1,0.3636363636363636,15.050792023820641,74.68011716780677
13_21,19,2,0.5263157894736842,15.484096447164378,74.68011716780677
13_22,3,2,0.3333333333333333,15.916494986432191,74.68011716780677
13_24,1,1,1.0,16.778483950622768,74.68011716780677
13_27,54,1,0.4814814814814814,18.06411479211288,74.68011716780677
13_28,76,1,0.1973684210526315,18.490610988853064,74.68011716780677
13_43,6,1,0.6666666666666666,24.749882343452892,74.68011716780677
13_46,2,1,0.0,25.967485451899854,74.68011716780677
13_47,9,1,0.3333333333333333,26.370601756536594,74.68011716780677
13_48,1,1,1.0,26.77231686184259,74.68011716780677
13_50,9,1,0.5555555555555556,27.571484572845726,74.68011716780677
13_51,23,1,0.4782608695652174,27.968908550971424,74.68011716780677
13_66,5,1,0.4,33.74829778436251,74.68011716780677
13_67,118,1,0.5,34.120951435694295,74.68011716780677
13_68,19,1,0.0,34.49197000246,74.68011716780677
13_73,2,1,0.5,36.32225637712781,74.68011716780677
14_13,138,2,0.3405797101449275,11.994253568227144,75.12927480986653
14_14,10,2,0.3,12.433243423364331,75.12927480986653
14_15,3,2,0.3333333333333333,12.871492981781698,75.12927480986653
14_16,20,1,0.35,13.308977896137208,75.12927480986653
14_17,3,1,0.6666666666666666,13.745674040031027,75.12927480986653
14_21,4,1,0.25,15.484096447164378,75.12927480986653
14_23,1,1,0.0,16.347964961207236,75.12927480986653
14_26,3,1,0.0,17.63658061663447,75.12927480986653
14_27,5,1,0.8,18.06411479211288,75.12927480986653
14_28,1,1,1.0,18.490610988853064,75.12927480986653
14_31,4,1,0.5,19.76366260418023,75.12927480986653
14_34,7,1,0.0,21.026631845952377,75.12927480986653
14_4,2,1,0.0,8.014150043889725,75.12927480986653
14_48,3,1,0.3333333333333333,26.77231686184259,75.12927480986653
14_49,1,1,0.0,27.172615960128685,75.12927480986653
14_50,22,1,0.6363636363636364,27.571484572845726,75.12927480986653
14_54,1,1,0.0,29.15237613428415,75.12927480986653
14_56,6,1,0.0,29.933886790328533,75.12927480986653
14_6,1,1,1.0,8.902684943528312,75.12927480986653
14_66,5,1,0.8,33.74829778436251,75.12927480986653
14_67,19,1,0.4210526315789473,34.120951435694295,75.12927480986653
14_9,1,1,1.0,10.231385512182252,75.12927480986653
15_11,10,2,0.3,11.114151424867142,75.57843245192629
15_12,50,2,0.44,11.554547978511467,75.57843245192629
15_13,49,2,0.6530612244897959,11.994253568227148,75.57843245192629
15_14,12,1,0.5,12.433243423364331,75.57843245192629
15_15,2,1,0.5,12.871492981781698,75.57843245192629
15_16,15,1,0.3333333333333333,13.308977896137202,75.57843245192629
15_17,5,1,0.6,13.745674040031028,75.57843245192629
15_19,2,1,0.5,14.616604651341389,75.57843245192629
15_28,1,1,0.0,18.49061098885306,75.57843245192629
15_31,2,1,0.0,19.76366260418023,75.57843245192629
15_33,3,1,0.0,20.606795505313507,75.57843245192629
15_34,54,1,0.4629629629629629,21.026631845952377,75.57843245192629
15_43,4,1,0.5,24.749882343452892,75.57843245192629
15_44,33,1,0.2727272727272727,25.157110117667052,75.57843245192629
15_48,4,1,0.25,26.77231686184259,75.57843245192629
15_50,1,1,1.0,27.571484572845726,75.57843245192629
15_60,1,1,0.0,31.47854436591311,75.57843245192629
15_65,2,1,0.0,33.37401767593068,75.57843245192629
15_66,2,1,1.0,33.74829778436252,75.57843245192629
15_68,1,1,1.0,34.49197000246001,75.57843245192629
15_7,2,1,0.5,9.34615791751325,75.57843245192629
15_8,2,1,1.0,9.789066678366634,75.57843245192629
16_10,21,4,0.3809523809523809,10.673088880017286,76.02759009398605
16_11,16,2,0.3125,11.114151424867142,76.02759009398605
16_12,30,1,0.1,11.554547978511469,76.02759009398605
16_13,20,1,0.45,11.994253568227144,76.02759009398605
16_14,7,1,0.2857142857142857,12.433243423364331,76.02759009398605
16_18,6,1,0.0,14.181557513997255,76.02759009398605
16_19,3,1,0.0,14.616604651341389,76.02759009398605
16_26,6,1,0.0,17.63658061663447,76.02759009398605
16_27,15,1,0.4666666666666667,18.06411479211288,76.02759009398605
16_28,2,1,0.0,18.490610988853064,76.02759009398605
16_33,3,1,1.0,20.606795505313503,76.02759009398605
16_34,6,1,0.3333333333333333,21.026631845952377,76.02759009398605
16_37,1,1,0.0,22.27898995572114,76.02759009398605
16_38,3,1,0.6666666666666666,22.69399679781292,76.02759009398605
16_43,4,1,0.0,24.749882343452892,76.02759009398605
16_44,8,1,0.5,25.157110117667052,76.02759009398605
16_45,2,1,0.0,25.562983084217514,76.02759009398605
16_46,3,1,0.6666666666666666,25.967485451899854,76.02759009398605
16_48,13,1,0.2307692307692307,26.77231686184259,76.02759009398605
16_54,1,1,0.0,29.15237613428415,76.02759009398605
16_55,4,1,0.75,29.543886679289603,76.02759009398605
16_58,2,1,0.5,30.709307349603503,76.02759009398605
16_59,2,1,0.0,31.09470443671294,76.02759009398605
16_61,1,1,0.0,31.86081627193491,76.02759009398605
16_63,2,1,1.0,32.62061417279348,76.02759009398605
16_67,7,1,0.8571428571428571,34.120951435694295,76.02759009398605
16_68,4,1,0.75,34.49197000246,76.02759009398605
16_69,2,1,0.0,34.86134516989155,76.02759009398605
16_7,1,1,1.0,9.34615791751325,76.02759009398605
16_71,4,1,0.0,35.5951335986947,76.02759009398605
16_8,14,2,0.5714285714285714,9.789066678366634,76.02759009398605
16_9,23,3,0.6086956521739131,10.231385512182252,76.02759009398605
17_0,2,1,0.0,6.231458834326362,76.47674773604581
17_10,17,1,0.4117647058823529,10.673088880017286,76.47674773604581
17_11,20,1,0.5,11.114151424867142,76.47674773604581
17_12,42,1,0.1666666666666666,11.554547978511469,76.47674773604581
17_13,19,1,0.5263157894736842,11.994253568227144,76.47674773604581
17_14,54,2,0.3888888888888889,12.433243423364331,76.47674773604581
17_15,1,1,0.0,12.871492981781698,76.47674773604581
17_19,1,1,1.0,14.616604651341389,76.47674773604581
17_21,1,1,1.0,15.484096447164378,76.47674773604581
17_28,1,1,0.0,18.490610988853064,76.47674773604581
17_32,2,1,0.0,20.18579922913889,76.47674773604581
17_35,9,1,0.6666666666666666,21.445288967716728,76.47674773604581
17_45,1,1,1.0,25.562983084217514,76.47674773604581
17_46,44,1,0.4090909090909091,25.967485451899854,76.47674773604581
17_49,9,1,0.1111111111111111,27.172615960128685,76.47674773604581
17_50,2,1,1.0,27.571484572845726,76.47674773604581
17_52,6,1,0.1666666666666666,28.364874075242138,76.47674773604581
17_53,5,1,0.0,28.75936765623235,76.47674773604581
17_56,1,1,1.0,29.933886790328533,76.47674773604581
17_57,3,1,1.0,30.32236429516476,76.47674773604581
17_58,3,1,0.6666666666666666,30.709307349603503,76.47674773604581
17_59,1,1,0.0,31.09470443671294,76.47674773604581
17_6,175,4,0.4285714285714285,8.902684943528312,76.47674773604581
17_60,1,1,1.0,31.478544365913102,76.47674773604581
17_62,17,1,0.6470588235294118,32.24150961365274,76.47674773604581
17_63,1,1,0.0,32.62061417279348,76.47674773604581
17_68,2,1,1.0,34.49197000246,76.47674773604581
17_7,72,3,0.5694444444444444,9.34615791751325,76.47674773604582
17_8,104,4,0.5096153846153846,9.789066678366634,76.47674773604581
17_9,87,1,0.264367816091954,10.231385512182252,76.47674773604581
18_0,2,1,0.0,6.231458834326362,76.92590537810557
18_1,1,1,0.0,6.677768206359395,76.92590537810557
18_10,1,1,0.0,10.673088880017286,76.92590537810557
18_11,27,1,0.1851851851851851,11.114151424867142,76.92590537810557
18_12,77,1,0.4935064935064935,11.554547978511469,76.92590537810557
18_13,16,1,0.375,11.994253568227144,76.92590537810557
18_14,12,1,0.5,12.433243423364331,76.92590537810557
18_15,2,1,0.5,12.871492981781698,76.92590537810557
18_16,1,1,0.0,13.308977896137208,76.92590537810557
18_24,1,1,0.0,16.778483950622768,76.92590537810557
18_29,4,1,1.0,18.916048153171918,76.92590537810557
18_33,3,1,0.0,20.606795505313503,76.92590537810557
18_35,10,1,0.0,21.445288967716728,76.92590537810557
18_36,9,1,0.1111111111111111,21.862747893608542,76.92590537810557
18_4,1,1,1.0,8.014150043889725,76.92590537810557
18_5,25,3,0.2,8.458673638182125,76.92590537810557
18_52,195,1,0.4564102564102564,28.364874075242138,76.92590537810557
18_53,36,2,0.1944444444444444,28.75936765623235,76.92590537810557
18_54,4,1,1.0,29.15237613428415,76.92590537810557
18_57,1,1,0.0,30.32236429516476,76.92590537810557
18_58,28,1,0.3571428571428571,30.709307349603503,76.92590537810557
18_59,10,1,1.0,31.09470443671294,76.92590537810557
18_6,8,1,0.25,8.902684943528312,76.92590537810557
18_60,2,1,0.0,31.478544365913102,76.92590537810557
18_61,11,1,0.9090909090909092,31.86081627193491,76.92590537810557
18_63,12,1,0.75,32.62061417279348,76.92590537810557
18_65,3,1,0.3333333333333333,33.37401767593068,76.92590537810557
18_67,6,1,0.6666666666666666,34.120951435694295,76.92590537810557
18_68,5,1,0.0,34.49197000246,76.92590537810557
18_69,2,2,1.0,34.86134516989155,76.92590537810557
18_7,14,1,0.0714285714285714,9.34615791751325,76.92590537810557
18_8,14,1,0.2142857142857142,9.789066678366634,76.92590537810557
18_9,70,2,0.3571428571428571,10.231385512182252,76.92590537810557
19_1,1,1,0.0,6.677768206359395,77.37506302016533
19_11,2,1,1.0,11.114151424867142,77.37506302016533
19_12,3,1,0.6666666666666666,11.554547978511469,77.37506302016533
19_14,20,1,0.25,12.433243423364331,77.37506302016533
19_15,125,1,0.328,12.871492981781698,77.37506302016533
19_16,37,1,0.1081081081081081,13.308977896137208,77.37506302016533
19_17,10,1,0.5,13.745674040031027,77.37506302016533
19_23,2,1,1.0,16.347964961207236,77.37506302016533
19_26,1,1,0.0,17.63658061663447,77.37506302016533
19_27,2,1,0.5,18.06411479211288,77.37506302016533
19_29,1,1,1.0,18.916048153171918,77.37506302016533
19_35,3,1,0.0,21.445288967716728,77.37506302016533
19_37,3,1,0.0,22.27898995572114,77.37506302016533
19_39,13,1,0.6153846153846154,23.10775037770492,77.37506302016533
19_4,32,2,0.84375,8.014150043889725,77.37506302016533
19_40,3,1,1.0,23.520232969502963,77.37506302016533
19_47,2,1,0.5,26.370601756536594,77.37506302016533
19_48,1,1,0.0,26.77231686184259,77.37506302016533
19_49,96,1,0.1458333333333333,27.172615960128685,77.37506302016533
19_5,6,1,0.5,8.458673638182125,77.37506302016533
19_50,3,1,0.3333333333333333,27.571484572845726,77.37506302016533
19_51,2,1,0.0,27.968908550971424,77.37506302016533
19_52,87,1,0.6551724137931034,28.364874075242138,77.37506302016533
19_53,42,1,0.2857142857142857,28.75936765623235,77.37506302016533
19_57,3,1,0.0,30.32236429516476,77.37506302016533
19_58,3,1,1.0,30.709307349603503,77.37506302016533
19_59,23,1,0.7391304347826086,31.09470443671294,77.37506302016533
19_6,11,1,0.2727272727272727,8.902684943528312,77.37506302016533
19_60,9,1,0.5555555555555556,31.478544365913102,77.37506302016533
19_62,13,1,0.8461538461538461,32.24150961365274,77.37506302016533
19_63,9,1,0.6666666666666666,32.62061417279348,77.37506302016533
19_64,1,1,1.0,32.99812005252553,77.37506302016533
19_66,32,1,0.4375,33.74829778436251,77.37506302016533
19_67,120,2,0.7,34.120951435694295,77.37506302016533
19_68,14,1,0.7857142857142857,34.49197000246,77.37506302016533
19_69,5,1,0.8,34.86134516989155,77.37506302016533
19_7,10,1,0.4,9.34615791751325,77.37506302016533
19_8,16,1,0.0625,9.789066678366634,77.37506302016533
19_9,24,1,0.7916666666666666,10.231385512182252,77.37506302016533
1_36,1,1,0.0,21.862747893608542,69.29022546308964
1_37,7,3,0.4285714285714285,22.27898995572114,69.29022546308964
1_38,23,3,0.217391304347826,22.69399679781292,69.29022546308964
1_39,8,1,0.375,23.10775037770492,69.29022546308964
1_40,57,2,0.1403508771929824,23.520232969502963,69.29022546308964
1_41,3,1,0.0,23.931427165645363,69.29022546308964
20_0,1,1,0.0,6.231458834326362,77.82422066222509
20_11,15,1,0.2666666666666666,11.114151424867142,77.82422066222509
20_12,14,1,0.0,11.554547978511469,77.82422066222509
20_13,15,1,0.1333333333333333,11.994253568227144,77.82422066222509
20_14,14,1,0.8571428571428571,12.433243423364331,77.82422066222509
20_15,176,1,0.2556818181818182,12.871492981781698,77.82422066222509
20_16,32,1,0.59375,13.308977896137208,77.82422066222509
20_18,1,1,0.0,14.181557513997255,77.82422066222509
20_25,8,1,0.125,17.208029798219822,77.82422066222509
20_26,5,1,0.0,17.63658061663447,77.82422066222509
20_28,1,1,0.0,18.490610988853064,77.82422066222509
20_34,1,1,0.0,21.026631845952377,77.82422066222509
20_36,1,1,1.0,21.862747893608542,77.82422066222509
20_37,1,1,0.0,22.27898995572114,77.82422066222509
20_38,6,1,0.5,22.69399679781292,77.82422066222509
20_39,2,1,0.0,23.10775037770492,77.82422066222509
20_4,7,2,0.0,8.014150043889725,77.82422066222509
20_40,1,1,0.0,23.520232969502963,77.82422066222509
20_45,1,1,1.0,25.562983084217514,77.82422066222509
20_47,1,1,1.0,26.370601756536594,77.82422066222509
20_48,9,2,0.7777777777777778,26.77231686184259,77.82422066222509
20_49,11,1,0.6363636363636364,27.172615960128685,77.82422066222509
20_5,5,1,0.2,8.458673638182125,77.82422066222509
20_50,1,1,0.0,27.571484572845726,77.82422066222509
20_52,14,1,0.4285714285714285,28.364874075242138,77.82422066222509
20_54,1,1,1.0,29.15237613428415,77.82422066222509
20_55,3,1,0.0,29.543886679289603,77.82422066222509
20_57,42,1,0.5,30.32236429516476,77.82422066222509
20_58,3,1,0.3333333333333333,30.709307349603503,77.82422066222509
20_6,1,1,0.0,8.902684943528312,77.82422066222509
20_60,2,1,0.0,31.478544365913102,77.82422066222509
20_62,11,1,0.4545454545454545,32.24150961365274,77.82422066222509
20_63,1,1,1.0,32.62061417279348,77.82422066222509
20_64,3,1,1.0,32.99812005252553,77.82422066222509
20_65,21,2,0.8095238095238095,33.37401767593068,77.82422066222509
20_66,24,2,0.375,33.74829778436251,77.82422066222509
20_67,101,1,0.6534653465346535,34.120951435694295,77.82422066222509
20_68,5,1,0.8,34.49197000246,77.82422066222509
20_7,1,1,0.0,9.34615791751325,77.82422066222509
20_9,5,1,0.4,10.231385512182252,77.82422066222509
21_12,16,1,0.875,11.554547978511469,78.27337830428485
21_13,32,1,0.5,11.994253568227144,78.27337830428485
21_14,3,1,1.0,12.433243423364331,78.27337830428485
21_15,4,1,0.5,12.871492981781698,78.27337830428485
21_16,2,1,0.5,13.308977896137208,78.27337830428485
21_17,3,1,0.0,13.745674040031027,78.27337830428485
21_21,3,1,0.6666666666666666,15.484096447164378,78.27337830428485
21_22,3,1,0.3333333333333333,15.916494986432191,78.27337830428485
21_24,4,1,0.0,16.778483950622768,78.27337830428485
21_25,16,1,0.125,17.208029798219822,78.27337830428485
21_26,18,1,0.1666666666666666,17.63658061663447,78.27337830428485
21_28,3,1,0.3333333333333333,18.490610988853064,78.27337830428485
21_29,2,1,1.0,18.916048153171918,78.27337830428485
21_31,1,1,0.0,19.76366260418023,78.27337830428485
21_37,22,1,0.1818181818181818,22.27898995572114,78.27337830428485
21_38,18,1,0.2777777777777778,22.69399679781292,78.27337830428485
21_48,3,2,0.6666666666666666,26.77231686184259,78.27337830428485
21_49,1,1,1.0,27.172615960128685,78.27337830428485
21_5,10,3,0.9,8.458673638182125,78.27337830428485
21_51,1,1,0.0,27.968908550971424,78.27337830428485
21_53,5,2,0.8,28.75936765623235,78.27337830428485
21_56,22,1,0.2272727272727272,29.933886790328533,78.27337830428485
21_57,50,1,0.6,30.32236429516476,78.27337830428485
21_58,5,1,0.6,30.709307349603503,78.27337830428485
21_59,5,1,1.0,31.09470443671294,78.27337830428485
21_6,9,1,0.4444444444444444,8.902684943528312,78.27337830428485
21_62,17,1,0.5882352941176471,32.24150961365274,78.27337830428485
21_63,5,2,0.8,32.62061417279348,78.27337830428485
21_64,14,2,0.8571428571428571,32.99812005252553,78.27337830428485
21_65,25,2,0.56,33.37401767593068,78.27337830428485
21_66,33,2,0.7575757575757576,33.74829778436251,78.27337830428485
21_67,39,2,0.9487179487179488,34.120951435694295,78.27337830428485
21_8,2,1,0.0,9.789066678366634,78.27337830428485
22_10,9,1,0.3333333333333333,10.673088880017286,78.7225359463446
22_11,4,1,0.25,11.114151424867142,78.7225359463446
22_12,1,1,1.0,11.554547978511469,78.7225359463446
22_13,4,1,0.25,11.994253568227144,78.7225359463446
22_14,3,1,0.3333333333333333,12.433243423364331,78.7225359463446
22_23,3,1,0.3333333333333333,16.347964961207236,78.7225359463446
22_25,3,1,0.0,17.208029798219822,78.7225359463446
22_26,12,1,0.3333333333333333,17.63658061663447,78.7225359463446
22_31,5,1,0.2,19.76366260418023,78.7225359463446
22_33,7,1,0.4285714285714285,20.606795505313503,78.7225359463446
22_34,1,1,1.0,21.026631845952377,78.7225359463446
22_35,1,1,1.0,21.445288967716728,78.7225359463446
22_40,2,1,0.5,23.520232969502963,78.7225359463446
22_48,22,2,0.3636363636363636,26.77231686184259,78.7225359463446
22_49,1,1,1.0,27.172615960128685,78.7225359463446
22_54,2,1,1.0,29.15237613428415,78.7225359463446
22_55,17,1,0.2352941176470588,29.543886679289603,78.7225359463446
22_56,6,1,0.1666666666666666,29.933886790328533,78.7225359463446
22_57,6,1,0.8333333333333334,30.32236429516476,78.7225359463446
22_58,5,1,0.8,30.709307349603503,78.7225359463446
22_59,7,1,0.2857142857142857,31.09470443671294,78.7225359463446
22_6,7,2,1.0,8.902684943528312,78.7225359463446
22_62,1,1,1.0,32.24150961365274,78.7225359463446
22_63,2,2,1.0,32.62061417279348,78.7225359463446
22_64,8,2,1.0,32.99812005252553,78.7225359463446
22_65,22,2,0.9090909090909092,33.37401767593068,78.7225359463446
22_66,26,2,0.9230769230769232,33.74829778436251,78.7225359463446
22_67,2,1,0.5,34.120951435694295,78.7225359463446
22_9,3,1,0.0,10.231385512182252,78.7225359463446
23_11,6,1,0.5,11.114151424867142,79.17169358840437
23_12,1,1,0.0,11.554547978511469,79.17169358840437
23_14,6,1,0.8333333333333334,12.433243423364331,79.17169358840437
23_15,16,1,0.6875,12.871492981781698,79.17169358840437
23_17,6,1,1.0,13.745674040031027,79.17169358840437
23_19,1,1,0.0,14.616604651341389,79.17169358840437
23_27,1,1,0.0,18.06411479211288,79.17169358840437
23_28,3,1,0.6666666666666666,18.490610988853064,79.17169358840437
23_29,4,1,0.0,18.916048153171918,79.17169358840437
23_30,5,1,0.2,19.340405517496713,79.17169358840437
23_31,1,1,0.0,19.76366260418023,79.17169358840437
23_32,26,1,0.3846153846153846,20.18579922913889,79.17169358840437
23_33,1,1,1.0,20.606795505313503,79.17169358840437
23_34,4,1,0.5,21.026631845952377,79.17169358840437
23_35,14,1,0.4285714285714285,21.445288967716728,79.17169358840437
23_36,9,1,0.5555555555555556,21.862747893608542,79.17169358840437
23_39,8,1,0.5,23.10775037770492,79.17169358840437
23_46,1,1,0.0,25.967485451899854,79.17169358840437
23_47,1,1,0.0,26.370601756536594,79.17169358840437
23_48,10,1,0.1,26.77231686184259,79.17169358840437
23_49,4,1,0.0,27.172615960128685,79.17169358840437
23_5,4,1,0.75,8.458673638182125,79.17169358840437
23_54,7,1,0.4285714285714285,29.15237613428415,79.17169358840437
23_55,58,1,0.4310344827586206,29.543886679289603,79.17169358840437
23_56,11,1,0.6363636363636364,29.933886790328533,79.17169358840437
23_57,98,1,0.7142857142857143,30.32236429516476,79.17169358840437
23_58,7,1,0.7142857142857143,30.709307349603503,79.17169358840437
23_59,4,1,0.75,31.09470443671294,79.17169358840437
23_62,1,1,0.0,32.24150961365274,79.17169358840437
23_63,35,2,0.8857142857142857,32.62061417279348,79.17169358840437
23_64,1,1,1.0,32.99812005252553,79.17169358840437
23_7,12,3,0.5,9.34615791751325,79.17169358840437
23_8,1,1,1.0,9.789066678366634,79.17169358840437
24_10,5,1,0.2,10.673088880017286,79.62085123046413
24_11,5,2,0.4,11.114151424867142,79.62085123046413
24_12,6,2,0.3333333333333333,11.554547978511469,79.62085123046413
24_13,12,3,0.1666666666666666,11.994253568227144,79.62085123046413
24_14,2,1,0.5,12.433243423364331,79.62085123046413
24_15,6,1,0.0,12.871492981781698,79.62085123046413
24_17,6,1,0.8333333333333334,13.745674040031027,79.62085123046413
24_27,4,1,0.0,18.06411479211288,79.62085123046413
24_30,5,1,1.0,19.340405517496713,79.62085123046413
24_31,2,1,0.0,19.76366260418023,79.62085123046413
24_32,2,1,0.5,20.18579922913889,79.62085123046413
24_34,1,1,1.0,21.026631845952377,79.62085123046413
24_36,3,1,0.6666666666666666,21.862747893608542,79.62085123046413
24_39,1,1,1.0,23.10775037770492,79.62085123046413
24_48,3,1,0.0,26.77231686184259,79.62085123046413
24_54,89,1,0.4606741573033708,29.15237613428415,79.62085123046413
24_55,313,1,0.4313099041533546,29.543886679289603,79.62085123046413
24_56,11,1,0.0,29.933886790328533,79.62085123046413
24_57,2,1,1.0,30.32236429516476,79.62085123046413
24_58,12,1,0.8333333333333334,30.709307349603503,79.62085123046413
24_7,3,2,0.6666666666666666,9.34615791751325,79.62085123046413
24_9,7,1,0.4285714285714285,10.231385512182252,79.62085123046413
25_10,1,1,0.0,10.673088880017286,80.0700088725239
25_11,1,1,0.0,11.114151424867142,80.0700088725239
25_13,15,3,0.4,11.994253568227144,80.0700088725239
25_14,23,3,0.0869565217391304,12.433243423364331,80.0700088725239
25_15,175,3,0.3828571428571428,12.871492981781698,80.0700088725239
25_16,11,3,0.0909090909090909,13.308977896137208,80.0700088725239
25_17,7,2,0.8571428571428571,13.745674040031027,80.0700088725239
25_18,2,2,0.5,14.181557513997255,80.0700088725239
25_19,12,3,0.25,14.616604651341389,80.0700088725239
25_21,2,1,0.0,15.484096447164378,80.0700088725239
25_25,2,1,0.0,17.208029798219822,80.0700088725239
25_26,3,1,1.0,17.63658061663447,80.0700088725239
25_29,4,1,1.0,18.916048153171918,80.0700088725239
25_30,1,1,1.0,19.340405517496713,80.0700088725239
25_31,6,1,0.0,19.76366260418023,80.0700088725239
25_33,5,1,0.2,20.606795505313503,80.0700088725239
25_34,3,1,0.6666666666666666,21.026631845952377,80.0700088725239
25_35,4,1,0.5,21.445288967716728,80.0700088725239
25_37,1,1,1.0,22.27898995572114,80.0700088725239
25_38,2,1,0.0,22.69399679781292,80.0700088725239
25_39,44,1,0.2954545454545454,23.10775037770492,80.0700088725239
25_40,8,1,0.125,23.520232969502963,80.0700088725239
25_43,5,1,0.6,24.749882343452892,80.0700088725239
25_47,10,1,0.4,26.370601756536594,80.0700088725239
25_52,4,1,0.5,28.364874075242138,80.0700088725239
25_53,1,1,1.0,28.75936765623235,80.0700088725239
25_54,2,1,0.0,29.15237613428415,80.0700088725239
25_55,1,1,0.0,29.543886679289603,80.0700088725239
25_56,118,1,0.8135593220338984,29.933886790328533,80.0700088725239
25_57,3,1,0.6666666666666666,30.32236429516476,80.0700088725239
25_9,3,1,0.6666666666666666,10.231385512182252,80.0700088725239
26_11,1,1,1.0,11.114151424867142,80.51916651458365
26_14,3,1,0.0,12.433243423364331,80.51916651458365
26_15,26,4,0.0384615384615384,12.871492981781698,80.51916651458365
26_16,14,4,0.4285714285714285,13.308977896137208,80.51916651458365
26_21,1,1,0.0,15.484096447164378,80.51916651458365
26_22,5,2,0.6,15.916494986432191,80.51916651458365
26_23,2,1,0.0,16.347964961207236,80.51916651458365
26_24,13,1,0.4615384615384615,16.778483950622768,80.51916651458365
26_34,1,1,0.0,21.026631845952377,80.51916651458365
26_37,39,1,0.2051282051282051,22.27898995572114,80.51916651458365
26_38,2,1,0.5,22.69399679781292,80.51916651458365
26_47,2,1,0.5,26.370601756536594,80.51916651458365
26_48,4,1,0.25,26.77231686184259,80.51916651458365
26_52,23,1,0.217391304347826,28.364874075242138,80.51916651458365
26_53,2,1,0.5,28.75936765623235,80.51916651458365
26_56,4,1,0.5,29.933886790328533,80.51916651458365
27_21,1,1,0.0,15.484096447164378,80.96832415664342
27_22,7,1,0.0,15.916494986432191,80.96832415664342
27_24,12,1,0.0833333333333333,16.778483950622768,80.96832415664342
27_26,2,1,1.0,17.63658061663447,80.96832415664342
27_33,1,1,0.0,20.606795505313503,80.96832415664342
27_34,9,1,0.3333333333333333,21.026631845952377,80.96832415664342
27_36,6,1,0.8333333333333334,21.862747893608542,80.96832415664342
27_37,2,1,0.5,22.27898995572114,80.96832415664342
27_40,58,3,0.2241379310344827,23.520232969502963,80.96832415664342
27_41,8,1,0.25,23.931427165645363,80.96832415664342
27_48,16,1,0.25,26.77231686184259,80.96832415664342
27_52,12,1,0.25,28.364874075242138,80.96832415664342
27_53,1,1,0.0,28.75936765623235,80.96832415664342
28_22,2,1,0.5,15.916494986432191,81.41748179870316
28_23,3,2,0.3333333333333333,16.347964961207236,81.41748179870316
28_24,2,1,1.0,16.778483950622768,81.41748179870316
28_25,2,1,0.0,17.208029798219822,81.41748179870316
28_26,3,1,0.0,17.63658061663447,81.41748179870316
28_32,1,1,0.0,20.18579922913889,81.41748179870316
28_33,6,1,0.1666666666666666,20.606795505313503,81.41748179870316
28_35,9,1,0.5555555555555556,21.445288967716728,81.41748179870316
28_38,1,1,1.0,22.69399679781292,81.41748179870316
28_5,2,1,1.0,8.458673638182125,81.41748179870316
29_22,1,1,1.0,15.916494986432191,81.86663944076294
29_26,5,1,0.0,17.63658061663447,81.86663944076294
29_29,4,1,0.75,18.916048153171918,81.86663944076294
29_33,8,1,0.0,20.606795505313503,81.86663944076294
29_34,13,1,0.3076923076923077,21.026631845952377,81.86663944076294
29_35,24,1,0.5833333333333334,21.445288967716728,81.86663944076294
29_36,4,1,0.0,21.862747893608542,81.86663944076294
29_38,2,1,0.0,22.69399679781292,81.86663944076294
29_41,1,1,0.0,23.931427165645363,81.86663944076294
29_44,1,1,0.0,25.157110117667052,81.86663944076294
29_45,24,1,0.4583333333333333,25.562983084217514,81.86663944076294
29_5,1,1,1.0,8.458673638182125,81.86663944076294
2_34,1,1,0.0,21.026631845952377,69.73938310514941
2_35,20,1,0.05,21.445288967716728,69.73938310514941
2_36,2,1,0.0,21.862747893608542,69.73938310514941
2_37,15,1,0.0,22.27898995572114,69.73938310514941
2_38,2,2,0.5,22.69399679781292,69.73938310514941
2_39,16,1,0.0,23.10775037770492,69.73938310514941
2_40,28,1,0.0357142857142857,23.520232969502963,69.73938310514941
2_41,3,2,0.6666666666666666,23.931427165645363,69.73938310514941
30_23,1,1,0.0,16.347964961207236,82.31579708282268
30_24,2,2,0.5,16.778483950622768,82.31579708282268
30_25,1,1,0.0,17.208029798219822,82.31579708282268
30_29,3,1,0.6666666666666666,18.916048153171918,82.31579708282268
30_30,1,1,0.0,19.340405517496713,82.31579708282268
30_33,1,1,1.0,20.606795505313503,82.31579708282268
30_35,8,1,0.625,21.445288967716728,82.31579708282268
30_36,2,1,0.0,21.862747893608542,82.31579708282268
30_44,1,1,0.0,25.157110117667052,82.31579708282268
30_48,3,1,0.0,26.77231686184259,82.31579708282268
30_50,1,1,0.0,27.571484572845726,82.31579708282268
31_23,3,1,0.6666666666666666,16.347964961207236,82.76495472488246
31_26,4,1,0.5,17.63658061663447,82.76495472488246
31_29,1,1,1.0,18.916048153171918,82.76495472488246
31_30,2,1,0.0,19.340405517496713,82.76495472488246
31_32,5,1,0.2,20.18579922913889,82.76495472488246
31_35,2,1,0.0,21.445288967716728,82.76495472488246
31_38,2,1,1.0,22.69399679781292,82.76495472488246
31_39,1,1,0.0,23.10775037770492,82.76495472488246
31_44,3,2,0.6666666666666666,25.157110117667052,82.76495472488246
32_25,4,2,0.25,17.208029798219822,83.21411236694222
32_26,81,4,0.1851851851851851,17.63658061663447,83.21411236694222
32_27,10,2,0.3,18.06411479211288,83.21411236694222
32_28,1,1,1.0,18.490610988853064,83.21411236694222
32_30,3,1,1.0,19.340405517496713,83.21411236694222
32_31,24,1,0.375,19.76366260418023,83.21411236694222
32_32,6,1,0.8333333333333334,20.18579922913889,83.21411236694222
32_36,1,1,0.0,21.862747893608542,83.21411236694222
32_39,1,1,1.0,23.10775037770492,83.21411236694222
32_44,2,1,0.0,25.157110117667052,83.21411236694222
32_48,1,1,1.0,26.77231686184259,83.21411236694222
32_49,1,1,0.0,27.172615960128685,83.21411236694222
33_26,3,1,0.0,17.63658061663447,83.66327000900198
33_27,18,3,0.1666666666666666,18.06411479211288,83.66327000900198
33_28,1,1,0.0,18.490610988853064,83.66327000900198
33_32,9,1,0.1111111111111111,20.18579922913889,83.66327000900198
33_36,1,1,1.0,21.862747893608542,83.66327000900198
33_39,1,1,0.0,23.10775037770492,83.66327000900198
33_43,1,1,1.0,24.749882343452892,83.66327000900198
34_25,2,1,0.5,17.208029798219822,84.11242765106174
34_26,2,1,0.5,17.63658061663447,84.11242765106174
34_27,1,1,1.0,18.06411479211288,84.11242765106174
34_28,4,2,0.0,18.490610988853064,84.11242765106174
34_29,3,1,0.3333333333333333,18.916048153171918,84.11242765106174
34_31,2,1,0.5,19.76366260418023,84.11242765106174
34_33,4,1,1.0,20.606795505313503,84.11242765106174
34_38,1,1,0.0,22.69399679781292,84.11242765106174
34_45,4,1,0.75,25.562983084217514,84.11242765106174
34_49,1,1,0.0,27.172615960128685,84.11242765106174
35_29,10,1,0.0,18.916048153171918,84.5615852931215
35_33,1,1,1.0,20.606795505313503,84.5615852931215
35_34,1,1,1.0,21.026631845952377,84.5615852931215
35_47,3,1,1.0,26.370601756536594,84.5615852931215
35_49,1,1,0.0,27.172615960128685,84.5615852931215
36_30,10,2,0.1,19.340405517496713,85.01074293518126
36_31,6,1,0.3333333333333333,19.76366260418023,85.01074293518126
36_41,1,1,0.0,23.931427165645363,85.01074293518126
36_44,1,1,1.0,25.157110117667052,85.01074293518126
36_45,4,1,0.5,25.562983084217514,85.01074293518126
36_5,1,1,1.0,8.458673638182125,85.01074293518126
37_30,1,1,1.0,19.340405517496713,85.45990057724102
37_31,67,3,0.3582089552238806,19.76366260418023,85.45990057724102
37_32,21,1,0.4285714285714285,20.18579922913889,85.45990057724102
37_33,3,1,0.6666666666666666,20.606795505313503,85.45990057724102
37_34,1,1,0.0,21.026631845952377,85.45990057724102
37_38,2,1,0.5,22.69399679781292,85.45990057724102
37_44,11,1,0.3636363636363636,25.157110117667052,85.45990057724102
37_45,3,2,1.0,25.562983084217514,85.45990057724102
37_46,1,1,1.0,25.967485451899854,85.45990057724102
38_30,2,1,0.5,19.340405517496713,85.90905821930077
38_31,3,2,0.3333333333333333,19.76366260418023,85.90905821930077
38_32,21,2,0.8095238095238095,20.18579922913889,85.90905821930077
38_33,1,1,1.0,20.606795505313503,85.90905821930077
38_37,2,1,0.0,22.27898995572114,85.90905821930077
38_39,2,1,1.0,23.10775037770492,85.90905821930077
38_46,1,1,1.0,25.967485451899854,85.90905821930077
39_31,1,1,1.0,19.76366260418023,86.35821586136053
39_32,1,1,1.0,20.18579922913889,86.35821586136053
39_34,1,1,1.0,21.026631845952377,86.35821586136053
39_36,1,1,1.0,21.862747893608542,86.35821586136053
39_38,5,1,0.4,22.69399679781292,86.35821586136053
39_39,1,1,1.0,23.10775037770492,86.35821586136053
39_40,3,1,0.0,23.520232969502963,86.35821586136053
39_41,2,1,1.0,23.931427165645363,86.35821586136053
39_44,1,1,1.0,25.157110117667052,86.35821586136053
39_46,1,1,1.0,25.967485451899854,86.35821586136053
3_35,4,1,0.0,21.445288967716728,70.18854074720916
3_37,4,2,0.5,22.27898995572114,70.18854074720916
3_38,32,2,0.09375,22.69399679781292,70.18854074720916
3_40,2,1,0.5,23.520232969502963,70.18854074720916
3_41,13,1,0.1538461538461538,23.931427165645363,70.18854074720916
3_42,1,1,0.0,24.341315878777266,70.18854074720916
3_48,9,1,0.3333333333333333,26.77231686184259,70.18854074720916
3_49,9,1,0.1111111111111111,27.172615960128685,70.18854074720916
3_50,5,1,0.0,27.571484572845726,70.18854074720916
40_32,1,1,0.0,20.18579922913889,86.8073735034203
40_33,20,3,0.1,20.606795505313503,86.8073735034203
40_35,2,1,1.0,21.445288967716728,86.8073735034203
40_36,1,1,0.0,21.862747893608542,86.8073735034203
40_37,1,1,0.0,22.27898995572114,86.8073735034203
40_40,3,1,0.3333333333333333,23.520232969502963,86.8073735034203
40_41,5,1,0.4,23.931427165645363,86.8073735034203
40_44,3,2,1.0,25.157110117667052,86.8073735034203
41_39,2,1,0.0,23.10775037770492,87.25653114548007
41_40,5,1,0.2,23.520232969502963,87.25653114548007
41_44,6,2,0.8333333333333334,25.157110117667052,87.25653114548007
41_45,8,2,0.625,25.562983084217514,87.25653114548007
42_35,9,3,0.4444444444444444,21.445288967716728,87.70568878753983
42_36,5,1,0.4,21.862747893608542,87.70568878753983
42_37,2,1,0.5,22.27898995572114,87.70568878753983
42_38,1,1,1.0,22.69399679781292,87.70568878753983
42_40,1,1,1.0,23.520232969502963,87.70568878753983
43_35,17,3,0.1176470588235294,21.445288967716728,88.15484642959959
43_36,1,1,0.0,21.862747893608542,88.15484642959959
43_37,4,2,0.5,22.27898995572114,88.15484642959959
43_38,74,2,0.2837837837837837,22.69399679781292,88.15484642959959
43_39,2,1,0.5,23.10775037770492,88.15484642959959
43_40,62,2,0.9193548387096774,23.520232969502963,88.15484642959959
43_41,28,1,1.0,23.931427165645363,88.15484642959959
43_44,1,1,0.0,25.157110117667052,88.15484642959959
43_45,6,1,0.6666666666666666,25.562983084217514,88.15484642959959
43_48,32,1,0.625,26.77231686184259,88.15484642959959
43_49,193,1,0.694300518134715,27.172615960128685,88.15484642959959
43_50,12,1,0.5833333333333334,27.571484572845726,88.15484642959959
44_35,2,2,0.5,21.445288967716728,88.60400407165935
44_36,11,2,0.6363636363636364,21.862747893608542,88.60400407165935
44_37,33,1,0.0909090909090909,22.27898995572114,88.60400407165935
44_38,17,1,0.5882352941176471,22.69399679781292,88.60400407165935
44_39,17,1,0.4117647058823529,23.10775037770492,88.60400407165935
44_41,1,1,0.0,23.931427165645363,88.60400407165935
44_47,1,1,0.0,26.370601756536594,88.60400407165935
44_48,68,1,0.2941176470588235,26.77231686184259,88.60400407165935
44_49,149,1,0.5436241610738255,27.172615960128685,88.60400407165935
44_50,26,1,0.5,27.571484572845726,88.60400407165935
44_51,20,2,0.5,27.968908550971424,88.60400407165935
45_36,46,3,0.5652173913043478,21.862747893608542,89.0531617137191
45_37,9,1,0.0,22.27898995572114,89.0531617137191
45_39,1,1,0.0,23.10775037770492,89.0531617137191
45_48,1,1,0.0,26.77231686184259,89.0531617137191
45_49,2,1,1.0,27.172615960128685,89.0531617137191
46_36,9,1,1.0,21.862747893608542,89.50231935577887
46_47,4,1,0.75,26.370601756536594,89.50231935577887
46_48,17,1,0.2352941176470588,26.77231686184259,89.50231935577887
47_20,14,2,0.7142857142857143,15.050792023820641,89.95147699783863
47_46,6,1,0.0,25.967485451899854,89.95147699783863
47_48,1,1,1.0,26.77231686184259,89.95147699783863
47_8,2,1,0.5,9.789066678366634,89.95147699783863
48_38,4,1,1.0,22.69399679781292,90.4006346398984
48_45,8,1,0.125,25.562983084217514,90.4006346398984
48_46,2,1,0.0,25.967485451899854,90.4006346398984
48_47,2,2,0.5,26.370601756536594,90.4006346398984
48_9,1,1,0.0,10.231385512182252,90.4006346398984
49_46,1,1,1.0,25.967485451899854,90.84979228195814
49_47,1,1,1.0,26.370601756536594,90.84979228195814
49_48,11,1,0.6363636363636364,26.77231686184259,90.84979228195814
4_33,3,1,0.0,20.606795505313503,70.63769838926893
4_34,6,2,0.0,21.026631845952377,70.63769838926893
4_35,6,1,0.5,21.445288967716728,70.63769838926893
4_36,2,1,0.0,21.862747893608542,70.63769838926893
4_37,7,1,0.7142857142857143,22.27898995572114,70.63769838926893
4_38,2,1,0.0,22.69399679781292,70.63769838926893
4_39,4,2,0.25,23.10775037770492,70.63769838926893
4_40,4,1,0.0,23.520232969502963,70.63769838926893
4_41,4,1,0.0,23.931427165645363,70.63769838926893
4_45,3,2,0.6666666666666666,25.562983084217514,70.63769838926893
4_47,1,1,0.0,26.370601756536594,70.63769838926893
4_48,215,1,0.1627906976744186,26.77231686184259,70.63769838926893
4_49,15,1,0.2666666666666666,27.172615960128685,70.63769838926893
4_50,1,1,0.0,27.571484572845726,70.63769838926893
50_10,1,1,0.0,10.673088880017286,91.29894992401792
50_40,1,1,0.0,23.520232969502963,91.29894992401792
50_41,1,1,1.0,23.931427165645363,91.29894992401792
50_46,1,1,1.0,25.967485451899854,91.29894992401792
50_48,9,1,0.6666666666666666,26.77231686184259,91.29894992401792
50_49,1,1,1.0,27.172615960128685,91.29894992401792
50_6,2,1,0.5,8.902684943528312,91.29894992401792
50_9,1,1,0.0,10.231385512182252,91.29894992401792
51_44,6,1,0.3333333333333333,25.157110117667052,91.74810756607766
51_45,14,1,0.7857142857142857,25.562983084217514,91.74810756607766
51_46,28,2,0.4285714285714285,25.967485451899854,91.74810756607766
51_47,10,1,0.6,26.370601756536594,91.74810756607766
51_50,23,1,0.3043478260869565,27.571484572845726,91.74810756607766
51_8,1,1,0.0,9.789066678366634,91.74810756607766
52_11,2,1,0.5,11.114151424867142,92.19726520813744
52_14,2,1,0.5,12.433243423364331,92.19726520813744
52_34,1,1,1.0,21.026631845952377,92.19726520813744
52_42,357,1,0.2745098039215686,24.341315878777266,92.19726520813744
52_43,1,1,0.0,24.749882343452892,92.19726520813744
52_44,2,1,0.5,25.157110117667052,92.19726520813744
52_45,3,1,0.6666666666666666,25.562983084217514,92.19726520813744
52_47,15,1,0.2,26.370601756536594,92.19726520813744
52_48,1,1,1.0,26.77231686184259,92.19726520813744
52_49,153,1,0.4117647058823529,27.172615960128685,92.19726520813744
52_50,71,1,0.704225352112676,27.571484572845726,92.19726520813744
52_6,1,1,0.0,8.902684943528312,92.19726520813744
52_7,3,1,0.3333333333333333,9.34615791751325,92.19726520813744
53_10,1,1,1.0,10.673088880017286,92.64642285019718
53_11,2,1,0.0,11.114151424867142,92.64642285019718
53_12,101,3,0.1683168316831683,11.554547978511469,92.64642285019718
53_13,24,2,0.3333333333333333,11.994253568227144,92.64642285019718
53_14,3,2,0.6666666666666666,12.433243423364331,92.64642285019718
53_16,1,1,0.0,13.308977896137208,92.64642285019718
53_3,1,1,0.0,7.569140356376212,92.64642285019718
53_39,1,1,1.0,23.10775037770492,92.64642285019718
53_40,2,1,0.5,23.520232969502963,92.64642285019718
53_41,1,1,1.0,23.931427165645363,92.64642285019718
53_43,6,1,0.5,24.749882343452892,92.64642285019718
53_46,2,1,0.0,25.967485451899854,92.64642285019718
53_47,7,2,0.4285714285714285,26.370601756536594,92.64642285019718
53_48,29,1,0.3793103448275862,26.77231686184259,92.64642285019718
53_49,49,1,0.673469387755102,27.172615960128685,92.64642285019718
54_11,2,1,0.5,11.114151424867142,93.09558049225696
54_13,39,2,0.2051282051282051,11.994253568227144,93.09558049225696
54_14,1,1,0.0,12.433243423364331,93.09558049225696
54_15,6,2,0.0,12.871492981781698,93.09558049225696
54_16,2,1,1.0,13.308977896137208,93.09558049225696
54_38,14,1,0.7142857142857143,22.69399679781292,93.09558049225696
54_39,2,1,0.5,23.10775037770492,93.09558049225696
54_43,4,1,0.0,24.749882343452892,93.09558049225696
54_44,2,1,0.0,25.157110117667052,93.09558049225696
54_47,11,1,0.6363636363636364,26.370601756536594,93.09558049225696
54_48,38,2,0.2368421052631578,26.77231686184259,93.09558049225696
54_51,1,1,1.0,27.968908550971424,93.09558049225696
54_6,1,1,0.0,8.902684943528312,93.09558049225696
54_7,1,1,0.0,9.34615791751325,93.09558049225696
54_8,21,3,0.0476190476190476,9.789066678366634,93.09558049225696
55_0,1,1,0.0,6.231458834326362,93.54473813431672
55_11,1,1,0.0,11.114151424867142,93.54473813431672
55_42,1,1,0.0,24.341315878777266,93.54473813431672
55_47,2,1,0.5,26.370601756536594,93.54473813431672
55_48,42,1,0.2857142857142857,26.77231686184259,93.54473813431672
55_5,1,1,1.0,8.458673638182125,93.54473813431672
55_8,2,1,0.5,9.789066678366634,93.54473813431672
56_1,2,1,0.0,6.677768206359395,93.99389577637648
56_14,1,1,0.0,12.433243423364331,93.99389577637648
56_2,8,2,0.75,7.123670917231484,93.99389577637648
56_43,9,1,0.1111111111111111,24.749882343452892,93.99389577637648
56_44,1,1,0.0,25.157110117667052,93.99389577637648
56_45,36,1,0.6666666666666666,25.562983084217514,93.99389577637648
56_47,2,1,0.5,26.370601756536594,93.99389577637648
56_48,16,2,0.1875,26.77231686184259,93.99389577637648
56_49,11,2,0.0909090909090909,27.172615960128685,93.99389577637648
56_50,1,1,1.0,27.571484572845726,93.99389577637648
56_6,1,1,0.0,8.902684943528312,93.99389577637648
56_8,1,1,1.0,9.789066678366634,93.99389577637648
57_45,8,1,0.75,25.562983084217514,94.44305341843624
57_48,23,1,0.5652173913043478,26.77231686184259,94.44305341843624
57_49,3,1,0.3333333333333333,27.172615960128685,94.44305341843624
58_49,3,1,0.0,27.172615960128685,94.892211060496
58_50,5,2,0.4,27.571484572845726,94.892211060496
58_51,1,1,1.0,27.968908550971424,94.892211060496
58_52,4,1,0.5,28.364874075242138,94.892211060496
59_49,8,1,0.125,27.172615960128685,95.34136870255576
59_50,75,2,0.2133333333333333,27.571484572845726,95.34136870255576
59_52,1,1,1.0,28.364874075242138,95.34136870255576
5_33,2,1,0.0,20.606795505313503,71.08685603132868
5_35,2,1,0.0,21.445288967716728,71.08685603132868
5_36,1,1,0.0,21.862747893608542,71.08685603132868
5_37,3,1,0.3333333333333333,22.27898995572114,71.08685603132868
5_38,1,1,0.0,22.69399679781292,71.08685603132868
5_39,27,2,0.4444444444444444,23.10775037770492,71.08685603132868
5_40,84,2,0.3095238095238095,23.520232969502963,71.08685603132868
5_41,4,2,0.25,23.931427165645363,71.08685603132868
5_42,20,2,0.2,24.341315878777266,71.08685603132868
5_48,19,1,0.2631578947368421,26.77231686184259,71.08685603132868
5_49,6,1,0.1666666666666666,27.172615960128685,71.08685603132868
5_5,1,1,0.0,8.458673638182125,71.08685603132868
60_49,4,1,0.25,27.172615960128685,95.79052634461551
60_50,3,2,0.6666666666666666,27.571484572845726,95.79052634461551
60_51,5,1,0.0,27.968908550971424,95.79052634461551
60_52,45,1,0.6222222222222222,28.364874075242138,95.79052634461551
60_53,3,1,0.6666666666666666,28.75936765623235,95.79052634461551
61_50,37,1,0.027027027027027,27.571484572845726,96.23968398667527
61_51,7,1,0.1428571428571428,27.968908550971424,96.23968398667527
61_54,11,1,0.0,29.15237613428415,96.23968398667527
62_50,43,1,0.0697674418604651,27.571484572845726,96.68884162873503
62_51,3,1,0.0,27.968908550971424,96.68884162873503
63_49,2,1,0.0,27.172615960128685,97.1379992707948
63_51,11,1,0.3636363636363636,27.968908550971424,97.1379992707948
63_52,2,1,0.0,28.364874075242138,97.1379992707948
6_33,2,1,1.0,20.606795505313503,71.53601367338845
6_34,12,1,0.0833333333333333,21.026631845952377,71.53601367338845
6_37,4,1,0.0,22.27898995572114,71.53601367338845
6_38,7,2,0.4285714285714285,22.69399679781292,71.53601367338845
6_39,90,2,0.6111111111111112,23.10775037770492,71.53601367338845
6_40,34,2,0.6470588235294118,23.520232969502963,71.53601367338845
6_41,3,1,0.0,23.931427165645363,71.53601367338845
6_42,5,1,0.0,24.341315878777266,71.53601367338845
6_48,1,1,0.0,26.77231686184259,71.53601367338845
6_49,4,1,0.0,27.172615960128685,71.53601367338845
7_10,3,2,0.3333333333333333,10.673088880017286,71.9851713154482
7_11,1,1,0.0,11.114151424867142,71.9851713154482
7_12,3,1,0.6666666666666666,11.554547978511469,71.9851713154482
7_31,1,1,0.0,19.76366260418023,71.9851713154482
7_34,9,2,0.2222222222222222,21.026631845952377,71.9851713154482
7_35,1,1,0.0,21.445288967716728,71.9851713154482
7_36,52,1,0.1346153846153846,21.862747893608542,71.9851713154482
7_37,5,1,0.0,22.27898995572114,71.9851713154482
7_38,89,2,0.0337078651685393,22.69399679781292,71.9851713154482
7_39,67,2,0.0895522388059701,23.10775037770492,71.9851713154482
7_4,1,1,1.0,8.014150043889725,71.9851713154482
7_40,4,2,0.5,23.520232969502963,71.9851713154482
7_47,3,1,0.6666666666666666,26.370601756536594,71.9851713154482
7_48,3,1,0.3333333333333333,26.77231686184259,71.9851713154482
7_49,1,1,0.0,27.172615960128685,71.9851713154482
8_10,3,1,0.6666666666666666,10.673088880017286,72.43432895750797
8_11,1,1,0.0,11.114151424867142,72.43432895750797
8_29,1,1,1.0,18.916048153171918,72.43432895750797
8_33,2,1,0.5,20.606795505313503,72.43432895750797
8_34,2,1,0.5,21.026631845952377,72.43432895750797
8_35,2,1,1.0,21.445288967716728,72.43432895750797
8_36,2,2,0.5,21.862747893608542,72.43432895750797
8_37,15,1,0.2,22.27898995572114,72.43432895750797
8_38,13,1,0.2307692307692307,22.69399679781292,72.43432895750797
8_39,102,1,0.1372549019607843,23.10775037770492,72.43432895750797
8_42,4,1,0.0,24.341315878777266,72.43432895750797
8_49,11,1,0.0909090909090909,27.172615960128685,72.43432895750797
8_7,2,1,0.5,9.34615791751325,72.43432895750797
9_10,1,1,0.0,10.673088880017286,72.88348659956773
9_11,3,1,0.6666666666666666,11.114151424867142,72.88348659956773
9_12,2,1,0.5,11.554547978511469,72.88348659956773
9_26,1,1,1.0,17.63658061663447,72.88348659956773
9_27,2,2,0.5,18.06411479211288,72.88348659956773
9_28,24,3,0.4583333333333333,18.490610988853064,72.88348659956773
9_29,183,4,0.1693989071038251,18.916048153171918,72.88348659956773
9_30,93,3,0.4301075268817204,19.340405517496713,72.88348659956773
9_32,5,2,0.4,20.18579922913889,72.88348659956773
9_33,7,2,0.5714285714285714,20.606795505313503,72.88348659956773
9_34,9,2,0.2222222222222222,21.026631845952377,72.88348659956773
9_35,8,1,0.5,21.445288967716728,72.88348659956773
9_36,1,1,1.0,21.862747893608542,72.88348659956773
9_37,3,1,0.3333333333333333,22.27898995572114,72.88348659956773
9_38,15,1,0.2,22.69399679781292,72.88348659956773
9_39,5,1,0.2,23.10775037770492,72.88348659956773
9_42,2,1,0.5,24.341315878777266,72.88348659956773
9_43,15,1,0.4666666666666667,24.749882343452892,72.88348659956773
9_44,2,1,0.5,25.157110117667052,72.88348659956773
9_45,1,1,0.0,25.562983084217514,72.88348659956773
9_46,4,1,0.25,25.967485451899854,72.88348659956773
9_47,19,1,0.631578947368421,26.370601756536594,72.88348659956773
9_51,8,1,0.375,27.968908550971424,72.88348659956773
